side,entry_time,entry_price,sltp,partial_taken,exit_time,exit_price,result,pnl_pct,equity_curve
SHORT,2025-07-04 11:50:00,108816.7,"TradeExit(trailing_stop=108979.99340865688, sl=108816.7, tp=108460.53999999998, sl_pct=0.002337876447273339, tp_pct=0.0032730270261826745)",False,2025-07-04 13:20:00,108531.0,PARTIAL_50,0.13127580601139216,0.13127580601139216
SHORT,2025-07-04 11:50:00,108816.7,"TradeExit(trailing_stop=108979.99340865688, sl=108816.7, tp=108460.53999999998, sl_pct=0.002337876447273339, tp_pct=0.0032730270261826745)",True,2025-07-04 13:30:00,108460.53999999998,WIN,,
SHORT,2025-07-04 15:55:00,107534.7,"TradeExit(trailing_stop=107860.26605369087, sl=107900.00000000001, tp=107023.27999999998, sl_pct=0.003397043001003424, tp_pct=0.004755860201404794)",False,2025-07-05 08:00:00,107900.00000000001,LOSS,,
SHORT,2025-07-05 08:30:00,107954.0,"TradeExit(trailing_stop=108041.63913327921, sl=107954.0, tp=107786.0, sl_pct=0.0011115845637956908, tp_pct=0.001556218389313967)",False,2025-07-05 09:15:00,107831.0,PARTIAL_50,0.05696870889452915,0.1882445149059213
SHORT,2025-07-05 08:30:00,107954.0,"TradeExit(trailing_stop=108041.63913327921, sl=107954.0, tp=107786.0, sl_pct=0.0011115845637956908, tp_pct=0.001556218389313967)",True,2025-07-05 09:50:00,107954.0,LOSS,,
SHORT,2025-07-05 11:55:00,108059.1,"TradeExit(trailing_stop=108136.23156552811, sl=108059.1, tp=107896.84000000001, sl_pct=0.0010725612188144651, tp_pct=0.001501585706340251)",False,2025-07-05 16:25:00,107911.7,PARTIAL_50,0.0682034183146115,0.25644793322053283
SHORT,2025-07-05 11:55:00,108059.1,"TradeExit(trailing_stop=108136.23156552811, sl=108059.1, tp=107896.84000000001, sl_pct=0.0010725612188144651, tp_pct=0.001501585706340251)",True,2025-07-05 16:30:00,107896.84000000001,WIN,,
SHORT,2025-07-05 17:30:00,107923.9,"TradeExit(trailing_stop=108043.45062433375, sl=108130.7, tp=107634.37999999999, sl_pct=0.0019161650014501228, tp_pct=0.002682631002030172)",False,2025-07-06 12:45:00,108130.7,LOSS,,
LONG,2025-07-06 17:30:00,108875.9,"TradeExit(trailing_stop=108730.26626863287, sl=108652.8, tp=109188.23999999998, sl_pct=0.0020491219819996093, tp_pct=0.002868770774799453)",False,2025-07-06 18:25:00,108652.8,LOSS,,
LONG,2025-07-06 19:00:00,108562.0,"TradeExit(trailing_stop=108324.03329020753, sl=108562.0, tp=109055.36, sl_pct=0.0032460713693557063, tp_pct=0.004544499917097988)",False,2025-07-06 21:20:00,108969.6,PARTIAL_50,0.187726828908829,0.4441747621293618
LONG,2025-07-06 19:00:00,108562.0,"TradeExit(trailing_stop=108324.03329020753, sl=108562.0, tp=109055.36, sl_pct=0.0032460713693557063, tp_pct=0.004544499917097988)",True,2025-07-06 21:25:00,109055.36,WIN,,
SHORT,2025-07-07 08:10:00,108853.3,"TradeExit(trailing_stop=108996.9160970964, sl=108853.3, tp=108613.90000000001, sl_pct=0.0015709215981509058, tp_pct=0.002199290237411268)",False,2025-07-07 10:50:00,108651.8,PARTIAL_50,0.09255576082672735,0.5367305229560891
SHORT,2025-07-07 08:10:00,108853.3,"TradeExit(trailing_stop=108996.9160970964, sl=108853.3, tp=108613.90000000001, sl_pct=0.0015709215981509058, tp_pct=0.002199290237411268)",True,2025-07-07 11:15:00,108613.90000000001,WIN,,
SHORT,2025-07-07 13:35:00,108121.1,"TradeExit(trailing_stop=108420.19855673493, sl=108480.0, tp=107618.64000000001, sl_pct=0.003319426087969824, tp_pct=0.004647196523157753)",False,2025-07-07 14:00:00,108480.0,LOSS,,
SHORT,2025-07-07 14:10:00,108092.9,"TradeExit(trailing_stop=108529.21920412077, sl=108092.9, tp=107365.87999999999, sl_pct=0.004804200830951922, tp_pct=0.00672588116333269)",False,2025-07-07 18:25:00,107505.6,PARTIAL_50,0.27166446639880526,0.8083949893548944
SHORT,2025-07-07 14:10:00,108092.9,"TradeExit(trailing_stop=108529.21920412077, sl=108092.9, tp=107365.87999999999, sl_pct=0.004804200830951922, tp_pct=0.00672588116333269)",True,2025-07-07 19:00:00,108092.9,LOSS,,
SHORT,2025-07-07 20:00:00,107858.5,"TradeExit(trailing_stop=108106.91656164918, sl=108265.0, tp=107289.4, sl_pct=0.0037688267498620876, tp_pct=0.005276357449806922)",False,2025-07-08 08:00:00,108265.0,LOSS,,
LONG,2025-07-08 09:25:00,108346.2,"TradeExit(trailing_stop=108222.13710004212, sl=108346.2, tp=108589.52, sl_pct=0.0016041171725450724, tp_pct=0.002245764041563101)",False,2025-07-08 10:20:00,108551.2,PARTIAL_50,0.09460414855343334,0.9029991379083278
LONG,2025-07-08 09:25:00,108346.2,"TradeExit(trailing_stop=108222.13710004212, sl=108346.2, tp=108589.52, sl_pct=0.0016041171725450724, tp_pct=0.002245764041563101)",True,2025-07-08 10:30:00,108589.52,WIN,,
LONG,2025-07-08 12:45:00,108777.1,"TradeExit(trailing_stop=108635.87418603245, sl=108640.8, tp=108967.92000000001, sl_pct=0.0012530210862396855, tp_pct=0.0017542295207355597)",False,2025-07-08 13:35:00,108640.8,LOSS,,
LONG,2025-07-08 13:40:00,108984.4,"TradeExit(trailing_stop=108759.51856108122, sl=108585.0, tp=109543.56, sl_pct=0.003664744679054931, tp_pct=0.005130642550676903)",False,2025-07-08 14:10:00,108585.0,LOSS,,
LONG,2025-07-08 16:25:00,108399.9,"TradeExit(trailing_stop=108120.85324123413, sl=108399.9, tp=108902.35999999997, sl_pct=0.00331088866318137, tp_pct=0.004635244128453918)",False,2025-07-08 17:20:00,108950.4,PARTIAL_50,0.25392089845101334,1.156920036359341
LONG,2025-07-08 16:25:00,108399.9,"TradeExit(trailing_stop=108120.85324123413, sl=108399.9, tp=108902.35999999997, sl_pct=0.00331088866318137, tp_pct=0.004635244128453918)",True,2025-07-08 17:20:00,108902.35999999997,WIN,,
LONG,2025-07-08 20:20:00,108808.9,"TradeExit(trailing_stop=108634.66465560826, sl=108631.3, tp=109057.53999999998, sl_pct=0.0016322194232272478, tp_pct=0.0022851071925181466)",False,2025-07-08 20:55:00,108631.3,LOSS,,
LONG,2025-07-08 21:05:00,108726.6,"TradeExit(trailing_stop=108580.91530782447, sl=108726.6, tp=108934.64000000001, sl_pct=0.0013667308643883448, tp_pct=0.0019134232101436827)",False,2025-07-08 21:45:00,108897.3,PARTIAL_50,0.0784996495797703,1.2354196859391113
LONG,2025-07-08 21:05:00,108726.6,"TradeExit(trailing_stop=108580.91530782447, sl=108726.6, tp=108934.64000000001, sl_pct=0.0013667308643883448, tp_pct=0.0019134232101436827)",True,2025-07-09 08:00:00,108726.6,LOSS,,
LONG,2025-07-09 08:15:00,108789.4,"TradeExit(trailing_stop=108678.72923460352, sl=108622.1, tp=109023.61999999998, sl_pct=0.0015378336492341015, tp_pct=0.002152967108927742)",False,2025-07-09 08:55:00,108622.1,LOSS,,
LONG,2025-07-09 09:40:00,108645.9,"TradeExit(trailing_stop=108542.17005507323, sl=108645.9, tp=108836.15999999999, sl_pct=0.0012508525402246582, tp_pct=0.0017511935563145214)",False,2025-07-09 10:20:00,108792.3,PARTIAL_50,0.06737483881122469,1.302794524750336
LONG,2025-07-09 09:40:00,108645.9,"TradeExit(trailing_stop=108542.17005507323, sl=108645.9, tp=108836.15999999999, sl_pct=0.0012508525402246582, tp_pct=0.0017511935563145214)",True,2025-07-09 10:55:00,108836.15999999999,WIN,,
LONG,2025-07-09 13:05:00,109695.2,"TradeExit(trailing_stop=109456.77738573888, sl=109227.5, tp=110349.97999999998, sl_pct=0.004263632319372198, tp_pct=0.005969085247121077)",False,2025-07-09 13:55:00,109227.5,LOSS,,
LONG,2025-07-09 15:00:00,109118.0,"TradeExit(trailing_stop=108655.07911953023, sl=109118.0, tp=110082.6, sl_pct=0.006314265290786121, tp_pct=0.008839971407100569)",False,2025-07-09 19:15:00,109929.4,PARTIAL_50,0.3717993364981003,1.6745938612484363
LONG,2025-07-09 15:00:00,109118.0,"TradeExit(trailing_stop=108655.07911953023, sl=109118.0, tp=110082.6, sl_pct=0.006314265290786121, tp_pct=0.008839971407100569)",True,2025-07-09 19:20:00,110082.6,WIN,,
LONG,2025-07-09 21:20:00,111176.3,"TradeExit(trailing_stop=110702.1716417458, sl=111176.3, tp=112111.92000000001, sl_pct=0.006011173244657385, tp_pct=0.008415642542520339)",False,2025-07-10 16:20:00,112260.4,PARTIAL_50,0.4875589491645212,2.1621528104129575
LONG,2025-07-09 21:20:00,111176.3,"TradeExit(trailing_stop=110702.1716417458, sl=111176.3, tp=112111.92000000001, sl_pct=0.006011173244657385, tp_pct=0.008415642542520339)",True,2025-07-10 16:20:00,112111.92000000001,WIN,,
LONG,2025-07-10 19:00:00,113519.9,"TradeExit(trailing_stop=113123.49735924933, sl=113519.9, tp=114313.28, sl_pct=0.0049920762791369365, tp_pct=0.00698890679079171)",False,2025-07-10 21:15:00,116449.7,PARTIAL_50,1.2904345405519222,3.4525873509648797
LONG,2025-07-10 19:00:00,113519.9,"TradeExit(trailing_stop=113123.49735924933, sl=113519.9, tp=114313.28, sl_pct=0.0049920762791369365, tp_pct=0.00698890679079171)",True,2025-07-10 21:15:00,114313.28,WIN,,
LONG,2025-07-11 08:25:00,117944.3,"TradeExit(trailing_stop=117608.00080075035, sl=117944.3, tp=118567.72, sl_pct=0.003775510982726617, tp_pct=0.0052857153758172635)",False,2025-07-11 09:30:00,118405.1,PARTIAL_50,0.19534644743323878,3.6479337983981184
LONG,2025-07-11 08:25:00,117944.3,"TradeExit(trailing_stop=117608.00080075035, sl=117944.3, tp=118567.72, sl_pct=0.003775510982726617, tp_pct=0.0052857153758172635)",True,2025-07-11 09:35:00,118567.72,WIN,,
LONG,2025-07-11 12:05:00,118000.0,"TradeExit(trailing_stop=117702.30280193055, sl=117581.3, tp=118586.18, sl_pct=0.003548305084745738, tp_pct=0.004967627118644033)",False,2025-07-11 13:30:00,117581.3,LOSS,,
LONG,2025-07-11 13:55:00,117967.1,"TradeExit(trailing_stop=117425.31500814529, sl=117255.0, tp=118964.04000000002, sl_pct=0.00603642880091149, tp_pct=0.008451000321276086)",False,2025-07-11 15:45:00,117255.0,LOSS,,
LONG,2025-07-11 16:30:00,117347.0,"TradeExit(trailing_stop=116747.01850918835, sl=117347.0, tp=118377.25999999998, sl_pct=0.0062711445541854, tp_pct=0.00877960237585956)",False,2025-07-12 09:50:00,118132.4,PARTIAL_50,0.33464852105294307,3.9825823194510614
LONG,2025-07-11 16:30:00,117347.0,"TradeExit(trailing_stop=116747.01850918835, sl=117347.0, tp=118377.25999999998, sl_pct=0.0062711445541854, tp_pct=0.00877960237585956)",True,2025-07-12 12:45:00,117347.0,LOSS,,
SHORT,2025-07-12 14:50:00,117278.0,"TradeExit(trailing_stop=117528.63280868926, sl=117718.1, tp=116661.86, sl_pct=0.003752621975136051, tp_pct=0.005253670765190471)",False,2025-07-13 08:00:00,117718.1,LOSS,,
LONG,2025-07-13 08:55:00,117855.5,"TradeExit(trailing_stop=117759.41839034596, sl=117710.0, tp=118059.2, sl_pct=0.0012345626636007653, tp_pct=0.0017283877290410713)",False,2025-07-13 09:35:00,117710.0,LOSS,,
LONG,2025-07-13 10:00:00,117786.9,"TradeExit(trailing_stop=117683.30380175835, sl=117786.9, tp=117990.73999999998, sl_pct=0.0012361306732751375, tp_pct=0.0017305829425851922)",False,2025-07-13 11:20:00,117967.9,PARTIAL_50,0.07683367165618588,4.059415991107247
LONG,2025-07-13 10:00:00,117786.9,"TradeExit(trailing_stop=117683.30380175835, sl=117786.9, tp=117990.73999999998, sl_pct=0.0012361306732751375, tp_pct=0.0017305829425851922)",True,2025-07-13 11:25:00,117990.73999999998,WIN,,
LONG,2025-07-13 13:30:00,118486.5,"TradeExit(trailing_stop=118187.00125110503, sl=118486.5, tp=119122.8, sl_pct=0.0038358800369662368, tp_pct=0.005370232051752731)",False,2025-07-13 14:15:00,119230.5,PARTIAL_50,0.31395981820713753,4.373375809314385
LONG,2025-07-13 13:30:00,118486.5,"TradeExit(trailing_stop=118187.00125110503, sl=118486.5, tp=119122.8, sl_pct=0.0038358800369662368, tp_pct=0.005370232051752731)",True,2025-07-13 14:15:00,119122.8,WIN,,
LONG,2025-07-13 17:35:00,118703.2,"TradeExit(trailing_stop=118451.9111809789, sl=118703.2, tp=119232.12, sl_pct=0.003182728014072097, tp_pct=0.004455819219700935)",False,2025-07-13 19:20:00,119140.3,PARTIAL_50,0.18411466582198535,4.55749047513637
LONG,2025-07-13 17:35:00,118703.2,"TradeExit(trailing_stop=118451.9111809789, sl=118703.2, tp=119232.12, sl_pct=0.003182728014072097, tp_pct=0.004455819219700935)",True,2025-07-13 20:30:00,119232.12,WIN,,
LONG,2025-07-13 21:45:00,118810.4,"TradeExit(trailing_stop=118499.55523992871, sl=118810.4, tp=119368.43999999997, sl_pct=0.003354925158066897, tp_pct=0.004696895221293656)",False,2025-07-14 08:00:00,122500.0,PARTIAL_50,1.552726023984435,6.110216499120805
LONG,2025-07-13 21:45:00,118810.4,"TradeExit(trailing_stop=118499.55523992871, sl=118810.4, tp=119368.43999999997, sl_pct=0.003354925158066897, tp_pct=0.004696895221293656)",True,2025-07-14 08:00:00,119368.43999999997,WIN,,
LONG,2025-07-14 10:35:00,122117.7,"TradeExit(trailing_stop=121775.46763548566, sl=121620.7, tp=122813.5, sl_pct=0.004069844093034835, tp_pct=0.005697781730248768)",False,2025-07-14 11:20:00,121620.7,LOSS,,
LONG,2025-07-14 12:05:00,121745.2,"TradeExit(trailing_stop=121379.18244614222, sl=121357.0, tp=122288.68, sl_pct=0.0031886267384668727, tp_pct=0.004464077433853622)",False,2025-07-14 13:30:00,121357.0,LOSS,,
LONG,2025-07-14 13:40:00,121790.5,"TradeExit(trailing_stop=121331.92865894064, sl=121150.0, tp=122687.2, sl_pct=0.0052590308767925245, tp_pct=0.007362643227509534)",False,2025-07-14 14:30:00,121150.0,LOSS,,
SHORT,2025-07-14 17:35:00,119878.8,"TradeExit(trailing_stop=120348.74025407454, sl=119878.8, tp=118993.86000000002, sl_pct=0.0052728255538092746, tp_pct=0.0073819557753329835)",False,2025-07-15 08:00:00,116666.2,PARTIAL_50,1.3399366693693988,7.450153168490203
SHORT,2025-07-14 17:35:00,119878.8,"TradeExit(trailing_stop=120348.74025407454, sl=119878.8, tp=118993.86000000002, sl_pct=0.0052728255538092746, tp_pct=0.0073819557753329835)",True,2025-07-15 08:00:00,118993.86000000002,WIN,,
SHORT,2025-07-15 09:55:00,116764.9,"TradeExit(trailing_stop=117072.06003735069, sl=117229.9, tp=116113.9, sl_pct=0.0039823611376363964, tp_pct=0.0055753055926909545)",False,2025-07-15 12:30:00,117229.9,LOSS,,
SHORT,2025-07-15 12:35:00,116916.8,"TradeExit(trailing_stop=117397.47420495498, sl=117458.59999999999, tp=116158.28, sl_pct=0.00463406456557144, tp_pct=0.006487690391800015)",False,2025-07-15 13:05:00,117458.59999999999,LOSS,,
SHORT,2025-07-15 14:25:00,117541.8,"TradeExit(trailing_stop=118255.48222709938, sl=117541.8, tp=116200.6, sl_pct=0.008150292066311729, tp_pct=0.01141040889283642)",False,2025-07-15 14:50:00,116064.9,PARTIAL_50,0.628244590435066,8.07839775892527
SHORT,2025-07-15 14:25:00,117541.8,"TradeExit(trailing_stop=118255.48222709938, sl=117541.8, tp=116200.6, sl_pct=0.008150292066311729, tp_pct=0.01141040889283642)",True,2025-07-15 14:50:00,116200.6,WIN,,
SHORT,2025-07-15 18:25:00,116846.6,"TradeExit(trailing_stop=117264.98014089133, sl=117577.09999999999, tp=115823.90000000001, sl_pct=0.006251786530374012, tp_pct=0.008752501142523616)",False,2025-07-16 08:00:00,117577.09999999999,LOSS,,
LONG,2025-07-16 09:55:00,119188.9,"TradeExit(trailing_stop=118848.12368833653, sl=118725.8, tp=119837.23999999998, sl_pct=0.0038854289283649004, tp_pct=0.0054396004997108605)",False,2025-07-16 10:55:00,118725.8,LOSS,,
LONG,2025-07-16 12:35:00,118969.3,"TradeExit(trailing_stop=118703.4994492738, sl=118557.0, tp=119546.51999999999, sl_pct=0.003465599948894403, tp_pct=0.004851839928452163)",False,2025-07-16 13:00:00,118557.0,LOSS,,
LONG,2025-07-16 13:25:00,118782.9,"TradeExit(trailing_stop=118491.87108298516, sl=118384.6, tp=119340.51999999999, sl_pct=0.003353176256851688, tp_pct=0.0046944467595923635)",False,2025-07-16 13:45:00,118384.6,LOSS,,
LONG,2025-07-16 14:00:00,118739.4,"TradeExit(trailing_stop=118282.56197484145, sl=118739.4, tp=119556.15999999999, sl_pct=0.004913280680212248, tp_pct=0.006878592952297148)",False,2025-07-16 15:05:00,119618.3,PARTIAL_50,0.37009619384972836,8.448493952774998
LONG,2025-07-16 14:00:00,118739.4,"TradeExit(trailing_stop=118282.56197484145, sl=118739.4, tp=119556.15999999999, sl_pct=0.004913280680212248, tp_pct=0.006878592952297148)",True,2025-07-16 15:05:00,119556.15999999999,WIN,,
LONG,2025-07-16 17:20:00,119476.7,"TradeExit(trailing_stop=119018.2707766642, sl=118931.4, tp=120240.12000000001, sl_pct=0.004564069814449201, tp_pct=0.006389697740228881)",False,2025-07-16 19:30:00,118931.4,LOSS,,
LONG,2025-07-16 20:20:00,119391.5,"TradeExit(trailing_stop=118940.2520395976, sl=119391.5, tp=120172.14000000001, sl_pct=0.004670349229216534, tp_pct=0.0065384889209031466)",False,2025-07-16 21:05:00,119954.1,PARTIAL_50,0.23561141287277815,8.684105365647776
LONG,2025-07-16 20:20:00,119391.5,"TradeExit(trailing_stop=118940.2520395976, sl=119391.5, tp=120172.14000000001, sl_pct=0.004670349229216534, tp_pct=0.0065384889209031466)",True,2025-07-16 21:55:00,119391.5,LOSS,,
SHORT,2025-07-17 08:05:00,118104.5,"TradeExit(trailing_stop=118431.86883197616, sl=118548.0, tp=117483.6, sl_pct=0.0037551490417384605, tp_pct=0.005257208658433844)",False,2025-07-17 09:05:00,118548.0,LOSS,,
SHORT,2025-07-17 13:05:00,117747.3,"TradeExit(trailing_stop=118164.20947980566, sl=118180.1, tp=117141.37999999999, sl_pct=0.0036756681469554114, tp_pct=0.005145935405737575)",False,2025-07-17 13:55:00,118180.1,LOSS,,
LONG,2025-07-17 17:05:00,118937.8,"TradeExit(trailing_stop=118515.88232784923, sl=118937.8, tp=119839.68000000001, sl_pct=0.005416276406659591, tp_pct=0.007582786969323426)",False,2025-07-17 18:25:00,119687.4,PARTIAL_50,0.31512269438311086,8.999228060030887
LONG,2025-07-17 17:05:00,118937.8,"TradeExit(trailing_stop=118515.88232784923, sl=118937.8, tp=119839.68000000001, sl_pct=0.005416276406659591, tp_pct=0.007582786969323426)",True,2025-07-17 20:00:00,118937.8,LOSS,,
LONG,2025-07-17 20:25:00,119003.6,"TradeExit(trailing_stop=118520.74386532749, sl=119003.6, tp=119928.16000000003, sl_pct=0.005549411950562913, tp_pct=0.007769176730788078)",False,2025-07-17 21:00:00,119789.0,PARTIAL_50,0.32999001710872367,9.329218077139611
LONG,2025-07-17 20:25:00,119003.6,"TradeExit(trailing_stop=118520.74386532749, sl=119003.6, tp=119928.16000000003, sl_pct=0.005549411950562913, tp_pct=0.007769176730788078)",True,2025-07-17 21:10:00,119928.16000000003,WIN,,
SHORT,2025-07-18 11:20:00,118814.9,"TradeExit(trailing_stop=119117.91221223802, sl=119292.0, tp=118146.95999999999, sl_pct=0.004015489639767452, tp_pct=0.0056216854956744325)",False,2025-07-18 12:10:00,119292.0,LOSS,,
SHORT,2025-07-18 13:00:00,119021.5,"TradeExit(trailing_stop=119318.45682482557, sl=119021.5, tp=118323.87999999999, sl_pct=0.0041866385484975645, tp_pct=0.00586129396789659)",False,2025-07-18 14:15:00,118312.1,PARTIAL_50,0.2980133841364771,9.627231461276088
SHORT,2025-07-18 13:00:00,119021.5,"TradeExit(trailing_stop=119318.45682482557, sl=119021.5, tp=118323.87999999999, sl_pct=0.0041866385484975645, tp_pct=0.00586129396789659)",True,2025-07-18 14:15:00,118323.87999999999,WIN,,
SHORT,2025-07-18 18:10:00,117386.9,"TradeExit(trailing_stop=117756.23341676335, sl=117983.79999999999, tp=116551.23999999999, sl_pct=0.005084894481411544, tp_pct=0.0071188522739761605)",False,2025-07-19 08:00:00,117983.79999999999,LOSS,,
SHORT,2025-07-19 10:05:00,118142.2,"TradeExit(trailing_stop=118273.4779973992, sl=118300.0, tp=117921.28, sl_pct=0.0013356785297717743, tp_pct=0.001869949941680484)",False,2025-07-19 10:40:00,118300.0,LOSS,,
LONG,2025-07-19 11:25:00,118436.5,"TradeExit(trailing_stop=118269.42441168151, sl=118120.2, tp=118879.32, sl_pct=0.0026706294090082273, tp_pct=0.003738881172611518)",False,2025-07-19 12:40:00,118120.2,LOSS,,
SHORT,2025-07-19 16:00:00,117850.1,"TradeExit(trailing_stop=118097.66981313861, sl=117850.1, tp=117329.86000000002, sl_pct=0.003153158122054977, tp_pct=0.004414421370876967)",False,2025-07-19 21:15:00,117418.2,PARTIAL_50,0.18324125308336975,9.810472714359458
SHORT,2025-07-19 16:00:00,117850.1,"TradeExit(trailing_stop=118097.66981313861, sl=117850.1, tp=117329.86000000002, sl_pct=0.003153158122054977, tp_pct=0.004414421370876967)",True,2025-07-19 21:20:00,117329.86000000002,WIN,,
LONG,2025-07-20 08:00:00,118191.6,"TradeExit(trailing_stop=118019.24561915649, sl=117831.6, tp=118695.6, sl_pct=0.003045901739209893, tp_pct=0.00426426243489385)",False,2025-07-20 12:00:00,117831.6,LOSS,,
LONG,2025-07-20 12:20:00,118008.1,"TradeExit(trailing_stop=117777.33483943155, sl=118008.1, tp=118437.90000000001, sl_pct=0.002601516336590454, tp_pct=0.0036421228712266358)",False,2025-07-20 13:50:00,118324.5,PARTIAL_50,0.13405859428293232,9.94453130864239
LONG,2025-07-20 12:20:00,118008.1,"TradeExit(trailing_stop=117777.33483943155, sl=118008.1, tp=118437.90000000001, sl_pct=0.002601516336590454, tp_pct=0.0036421228712266358)",True,2025-07-20 14:00:00,118437.90000000001,WIN,,
LONG,2025-07-20 15:10:00,118640.0,"TradeExit(trailing_stop=118322.18053755838, sl=118329.9, tp=119074.14000000001, sl_pct=0.002613789615644014, tp_pct=0.0036593054619016197)",False,2025-07-20 17:00:00,118329.9,LOSS,,
LONG,2025-07-20 18:45:00,118350.0,"TradeExit(trailing_stop=118099.01971214674, sl=118003.4, tp=118835.24, sl_pct=0.002928601605407738, tp_pct=0.0041000422475708335)",False,2025-07-20 20:00:00,118003.4,LOSS,,
LONG,2025-07-20 20:45:00,118240.8,"TradeExit(trailing_stop=118008.32920351528, sl=118240.8, tp=118826.56000000003, sl_pct=0.0035385416878100343, tp_pct=0.004953958362934048)",False,2025-07-21 08:00:00,119341.4,PARTIAL_50,0.4654061880501448,10.409937496692534
LONG,2025-07-20 20:45:00,118240.8,"TradeExit(trailing_stop=118008.32920351528, sl=118240.8, tp=118826.56000000003, sl_pct=0.0035385416878100343, tp_pct=0.004953958362934048)",True,2025-07-21 08:00:00,118826.56000000003,WIN,,
LONG,2025-07-21 11:00:00,118715.1,"TradeExit(trailing_stop=118463.30896287125, sl=118313.6, tp=119277.20000000001, sl_pct=0.003382046597273641, tp_pct=0.004734865236183097)",False,2025-07-21 11:45:00,118313.6,LOSS,,
SHORT,2025-07-21 13:00:00,117953.0,"TradeExit(trailing_stop=118317.35859964584, sl=118567.29999999999, tp=117092.98, sl_pct=0.005208006578891617, tp_pct=0.007291209210448264)",False,2025-07-21 13:35:00,118567.29999999999,LOSS,,
SHORT,2025-07-21 18:40:00,117432.9,"TradeExit(trailing_stop=117835.80637236741, sl=118197.0, tp=116363.15999999999, sl_pct=0.006506694461262609, tp_pct=0.009109372245767652)",False,2025-07-22 08:50:00,118197.0,LOSS,,
LONG,2025-07-22 13:40:00,119455.8,"TradeExit(trailing_stop=119032.91181813394, sl=118799.4, tp=120374.76000000002, sl_pct=0.005494919459750039, tp_pct=0.007692887243650055)",False,2025-07-22 13:50:00,118799.4,LOSS,,
LONG,2025-07-22 14:10:00,118390.6,"TradeExit(trailing_stop=117680.10808514092, sl=118390.6, tp=119606.64000000001, sl_pct=0.007336731125613062, tp_pct=0.010271423575858286)",False,2025-07-22 16:15:00,119284.6,PARTIAL_50,0.3775637592849432,10.787501255977476
LONG,2025-07-22 14:10:00,118390.6,"TradeExit(trailing_stop=117680.10808514092, sl=118390.6, tp=119606.64000000001, sl_pct=0.007336731125613062, tp_pct=0.010271423575858286)",True,2025-07-22 18:50:00,119606.64000000001,WIN,,
LONG,2025-07-22 20:05:00,119669.1,"TradeExit(trailing_stop=119162.4614312048, sl=119102.8, tp=120461.92, sl_pct=0.004732215751601733, tp_pct=0.0066251020522424256)",False,2025-07-23 08:00:00,119102.8,LOSS,,
SHORT,2025-07-23 08:35:00,118256.5,"TradeExit(trailing_stop=118491.49092563095, sl=118256.5, tp=117869.54000000001, sl_pct=0.0023372922418640344, tp_pct=0.003272209138609648)",False,2025-07-23 09:25:00,117948.1,PARTIAL_50,0.13039452376824706,10.917895779745724
SHORT,2025-07-23 08:35:00,118256.5,"TradeExit(trailing_stop=118491.49092563095, sl=118256.5, tp=117869.54000000001, sl_pct=0.0023372922418640344, tp_pct=0.003272209138609648)",True,2025-07-23 10:10:00,117869.54000000001,WIN,,
SHORT,2025-07-23 11:10:00,118119.7,"TradeExit(trailing_stop=118373.43718540619, sl=118416.99999999999, tp=117703.48, sl_pct=0.002516938326121747, tp_pct=0.0035237136565704455)",False,2025-07-23 11:25:00,118416.99999999999,LOSS,,
SHORT,2025-07-23 12:40:00,118211.3,"TradeExit(trailing_stop=118485.37933406899, sl=118211.3, tp=117645.70000000001, sl_pct=0.0034176089764684087, tp_pct=0.004784652567055772)",False,2025-07-23 13:40:00,117562.5,PARTIAL_50,0.27442384949662296,11.192319629242347
SHORT,2025-07-23 12:40:00,118211.3,"TradeExit(trailing_stop=118485.37933406899, sl=118211.3, tp=117645.70000000001, sl_pct=0.0034176089764684087, tp_pct=0.004784652567055772)",True,2025-07-23 13:40:00,117645.70000000001,WIN,,
SHORT,2025-07-23 16:10:00,117847.6,"TradeExit(trailing_stop=118326.36376449572, sl=118687.10000000002, tp=116672.3, sl_pct=0.007123607099338468, tp_pct=0.009973049939073855)",False,2025-07-24 08:10:00,118687.10000000002,LOSS,,
LONG,2025-07-24 13:15:00,118666.0,"TradeExit(trailing_stop=118384.73827455557, sl=118236.0, tp=119268.0, sl_pct=0.003623615863010466, tp_pct=0.005073062208214653)",False,2025-07-24 13:55:00,118236.0,LOSS,,
LONG,2025-07-24 14:30:00,118379.9,"TradeExit(trailing_stop=117900.65521159286, sl=118379.9, tp=119229.41999999998, sl_pct=0.005125870185732446, tp_pct=0.007176218260025424)",False,2025-07-24 14:55:00,119021.5,PARTIAL_50,0.27099195049159774,11.463311579733944
LONG,2025-07-24 14:30:00,118379.9,"TradeExit(trailing_stop=117900.65521159286, sl=118379.9, tp=119229.41999999998, sl_pct=0.005125870185732446, tp_pct=0.007176218260025424)",True,2025-07-24 15:00:00,119229.41999999998,WIN,,
LONG,2025-07-24 17:05:00,118816.9,"TradeExit(trailing_stop=118397.29035914145, sl=118306.0, tp=119532.15999999999, sl_pct=0.0042998933653377105, tp_pct=0.006019850711472794)",False,2025-07-25 08:00:00,118306.0,LOSS,,
SHORT,2025-07-25 08:40:00,115120.7,"TradeExit(trailing_stop=115657.42595280756, sl=115956.80000000002, tp=113950.15999999999, sl_pct=0.007262811987765935, tp_pct=0.01016793678287231)",False,2025-07-25 09:55:00,115956.80000000002,LOSS,,
SHORT,2025-07-25 12:20:00,116233.1,"TradeExit(trailing_stop=116573.12173804405, sl=116233.1, tp=115496.00000000001, sl_pct=0.0045296907679482, tp_pct=0.00634156707512748)",False,2025-07-25 13:40:00,115628.4,PARTIAL_50,0.2601238373578661,11.72343541709181
SHORT,2025-07-25 12:20:00,116233.1,"TradeExit(trailing_stop=116573.12173804405, sl=116233.1, tp=115496.00000000001, sl_pct=0.0045296907679482, tp_pct=0.00634156707512748)",True,2025-07-25 14:30:00,115496.00000000001,WIN,,
LONG,2025-07-25 20:30:00,116898.1,"TradeExit(trailing_stop=116569.38647899232, sl=116898.1, tp=117413.44000000002, sl_pct=0.0031488963464761685, tp_pct=0.0044084548850666355)",False,2025-07-25 21:20:00,117307.8,PARTIAL_50,0.17523809197925247,11.898673509071063
LONG,2025-07-25 20:30:00,116898.1,"TradeExit(trailing_stop=116569.38647899232, sl=116898.1, tp=117413.44000000002, sl_pct=0.0031488963464761685, tp_pct=0.0044084548850666355)",True,2025-07-26 08:25:00,117413.44000000002,WIN,,
LONG,2025-07-26 09:45:00,117521.8,"TradeExit(trailing_stop=117445.42215394223, sl=117521.8, tp=117686.33052000002, sl_pct=0.001, tp_pct=0.0014)",False,2025-07-26 10:25:00,117744.2,PARTIAL_50,0.09462074270475528,11.993294251775819
LONG,2025-07-26 09:45:00,117521.8,"TradeExit(trailing_stop=117445.42215394223, sl=117521.8, tp=117686.33052000002, sl_pct=0.001, tp_pct=0.0014)",True,2025-07-26 10:25:00,117686.33052000002,WIN,,
LONG,2025-07-26 12:25:00,117928.7,"TradeExit(trailing_stop=117784.22253356416, sl=117928.7, tp=118171.87999999999, sl_pct=0.0014729238938443066, tp_pct=0.002062093451382029)",False,2025-07-26 13:15:00,118165.1,PARTIAL_50,0.10023005426160415,12.093524306037423
LONG,2025-07-26 12:25:00,117928.7,"TradeExit(trailing_stop=117784.22253356416, sl=117928.7, tp=118171.87999999999, sl_pct=0.0014729238938443066, tp_pct=0.002062093451382029)",True,2025-07-26 13:40:00,118171.87999999999,WIN,,
LONG,2025-07-26 15:50:00,118131.5,"TradeExit(trailing_stop=117972.22237045318, sl=118131.5, tp=118594.19999999998, sl_pct=0.0027977296487389056, tp_pct=0.0039168215082344675)",False,2025-07-27 15:00:00,118485.5,PARTIAL_50,0.14983302506105484,12.243357331098478
LONG,2025-07-26 15:50:00,118131.5,"TradeExit(trailing_stop=117972.22237045318, sl=118131.5, tp=118594.19999999998, sl_pct=0.0027977296487389056, tp_pct=0.0039168215082344675)",True,2025-07-27 16:00:00,118594.19999999998,WIN,,
LONG,2025-07-27 18:00:00,119319.2,"TradeExit(trailing_stop=118987.50339881325, sl=118840.0, tp=119990.07999999999, sl_pct=0.0040161181100778175, tp_pct=0.005622565354108944)",False,2025-07-27 20:50:00,118840.0,LOSS,,
LONG,2025-07-27 21:25:00,119030.1,"TradeExit(trailing_stop=118811.7586978399, sl=118709.2, tp=119479.36000000002, sl_pct=0.002695956736993489, tp_pct=0.0037743394317908846)",False,2025-07-28 10:40:00,118709.2,LOSS,,
SHORT,2025-07-28 12:55:00,118828.6,"TradeExit(trailing_stop=119080.49942673554, sl=118828.6, tp=118469.64000000001, sl_pct=0.002157729704801657, tp_pct=0.0030208215867223195)",False,2025-07-28 13:20:00,118500.0,PARTIAL_50,0.13826637694965935,12.381623708048137
SHORT,2025-07-28 12:55:00,118828.6,"TradeExit(trailing_stop=119080.49942673554, sl=118828.6, tp=118469.64000000001, sl_pct=0.002157729704801657, tp_pct=0.0030208215867223195)",True,2025-07-28 13:30:00,118469.64000000001,WIN,,
SHORT,2025-07-28 13:50:00,118314.0,"TradeExit(trailing_stop=118814.1419508941, sl=118314.0, tp=117262.32, sl_pct=0.006349206349206325, tp_pct=0.008888888888888854)",False,2025-07-28 18:00:00,117562.1,PARTIAL_50,0.31775614043984407,12.69937984848798
SHORT,2025-07-28 13:50:00,118314.0,"TradeExit(trailing_stop=118814.1419508941, sl=118314.0, tp=117262.32, sl_pct=0.006349206349206325, tp_pct=0.008888888888888854)",True,2025-07-28 21:40:00,118314.0,LOSS,,
SHORT,2025-07-28 21:50:00,117999.6,"TradeExit(trailing_stop=118307.48016271576, sl=118329.8, tp=117537.32, sl_pct=0.0027983145705578415, tp_pct=0.003917640398780978)",False,2025-07-29 08:00:00,118329.8,LOSS,,
LONG,2025-07-29 11:55:00,118560.0,"TradeExit(trailing_stop=118327.90164213699, sl=118560.0, tp=119008.7, sl_pct=0.002703272604588394, tp_pct=0.0037845816464237517)",False,2025-07-29 12:25:00,118908.1,PARTIAL_50,0.14680330634278246,12.846183154830763
LONG,2025-07-29 11:55:00,118560.0,"TradeExit(trailing_stop=118327.90164213699, sl=118560.0, tp=119008.7, sl_pct=0.002703272604588394, tp_pct=0.0037845816464237517)",True,2025-07-29 12:35:00,119008.7,WIN,,
SHORT,2025-07-29 18:05:00,117491.5,"TradeExit(trailing_stop=117835.47761129499, sl=118019.30000000002, tp=116752.57999999999, sl_pct=0.004492239864160411, tp_pct=0.006289135809824575)",False,2025-07-30 08:00:00,118019.30000000002,LOSS,,
LONG,2025-07-30 08:35:00,118210.0,"TradeExit(trailing_stop=118011.84301756402, sl=117918.0, tp=118618.79999999999, sl_pct=0.0024701801878013706, tp_pct=0.0034582522629219184)",False,2025-07-30 11:15:00,117918.0,LOSS,,
LONG,2025-07-31 08:40:00,118727.9,"TradeExit(trailing_stop=118598.37304969774, sl=118546.4, tp=118982.0, sl_pct=0.0015287055527807702, tp_pct=0.002140187773893078)",False,2025-07-31 09:00:00,118546.4,LOSS,,
LONG,2025-07-31 10:00:00,118591.5,"TradeExit(trailing_stop=118470.8911592463, sl=118423.0, tp=118827.4, sl_pct=0.0014208438210158401, tp_pct=0.001989181349422176)",False,2025-07-31 11:25:00,118423.0,LOSS,,
LONG,2025-07-31 12:25:00,118494.8,"TradeExit(trailing_stop=118320.6061240804, sl=118246.8, tp=118842.0, sl_pct=0.0020929188453839326, tp_pct=0.0029300863835375053)",False,2025-07-31 13:10:00,118246.8,LOSS,,
LONG,2025-07-31 13:35:00,118362.3,"TradeExit(trailing_stop=117984.29793362516, sl=117783.3, tp=119172.9, sl_pct=0.004891760298676183, tp_pct=0.006848464418146656)",False,2025-07-31 17:50:00,117783.3,LOSS,,
SHORT,2025-08-01 08:10:00,114616.8,"TradeExit(trailing_stop=115022.63472954422, sl=115056.5, tp=114001.22000000002, sl_pct=0.0038362613508665143, tp_pct=0.005370765891213119)",False,2025-08-01 09:15:00,115056.5,LOSS,,
SHORT,2025-08-01 10:35:00,114830.1,"TradeExit(trailing_stop=115124.8290178187, sl=115153.59999999999, tp=114377.2, sl_pct=0.0028172055933069814, tp_pct=0.003944087830629774)",False,2025-08-01 11:45:00,115153.59999999999,LOSS,,
SHORT,2025-08-01 13:30:00,115361.0,"TradeExit(trailing_stop=115805.11352905988, sl=115361.0, tp=114528.0, sl_pct=0.005157722280493408, tp_pct=0.007220811192690771)",False,2025-08-01 13:45:00,114434.4,PARTIAL_50,0.4016088626138841,13.247792017444647
SHORT,2025-08-01 13:30:00,115361.0,"TradeExit(trailing_stop=115805.11352905988, sl=115361.0, tp=114528.0, sl_pct=0.005157722280493408, tp_pct=0.007220811192690771)",True,2025-08-01 13:45:00,114528.0,WIN,,
SHORT,2025-08-01 15:15:00,114833.5,"TradeExit(trailing_stop=115505.75768717157, sl=114833.5, tp=113504.90000000001, sl_pct=0.008264138949000074, tp_pct=0.011569794528600102)",False,2025-08-01 18:15:00,113728.9,PARTIAL_50,0.48095721196341046,13.728749229408058
SHORT,2025-08-01 15:15:00,114833.5,"TradeExit(trailing_stop=115505.75768717157, sl=114833.5, tp=113504.90000000001, sl_pct=0.008264138949000074, tp_pct=0.011569794528600102)",True,2025-08-01 19:20:00,113504.90000000001,WIN,,
SHORT,2025-08-02 08:30:00,113695.4,"TradeExit(trailing_stop=113877.66555408014, sl=113695.4, tp=113285.76, sl_pct=0.002573542992944357, tp_pct=0.003602960190122099)",False,2025-08-02 10:40:00,113387.8,PARTIAL_50,0.13527372259563328,13.86402295200369
SHORT,2025-08-02 08:30:00,113695.4,"TradeExit(trailing_stop=113877.66555408014, sl=113695.4, tp=113285.76, sl_pct=0.002573542992944357, tp_pct=0.003602960190122099)",True,2025-08-02 11:25:00,113695.4,LOSS,,
SHORT,2025-08-02 12:40:00,113525.9,"TradeExit(trailing_stop=113678.88621154048, sl=113525.9, tp=113212.15999999999, sl_pct=0.001973998884836023, tp_pct=0.002763598438770432)",False,2025-08-02 13:25:00,113230.0,PARTIAL_50,0.1303226840747328,13.994345636078423
SHORT,2025-08-02 12:40:00,113525.9,"TradeExit(trailing_stop=113678.88621154048, sl=113525.9, tp=113212.15999999999, sl_pct=0.001973998884836023, tp_pct=0.002763598438770432)",True,2025-08-02 14:15:00,113212.15999999999,WIN,,
SHORT,2025-08-02 15:40:00,112976.4,"TradeExit(trailing_stop=113211.73083524074, sl=112976.4, tp=112404.91999999997, sl_pct=0.00361314398405341, tp_pct=0.005058401577674774)",False,2025-08-02 18:10:00,112442.0,PARTIAL_50,0.23650957191059113,14.230855207989014
SHORT,2025-08-02 15:40:00,112976.4,"TradeExit(trailing_stop=113211.73083524074, sl=112976.4, tp=112404.91999999997, sl_pct=0.00361314398405341, tp_pct=0.005058401577674774)",True,2025-08-02 18:25:00,112404.91999999997,WIN,,
SHORT,2025-08-02 19:45:00,112307.7,"TradeExit(trailing_stop=112825.85222088291, sl=112895.8, tp=111484.36, sl_pct=0.005236506490650292, tp_pct=0.007331109086910408)",False,2025-08-02 21:45:00,112895.8,LOSS,,
LONG,2025-08-03 10:05:00,113660.0,"TradeExit(trailing_stop=113570.38573776971, sl=113660.0, tp=113819.12400000001, sl_pct=0.001, tp_pct=0.0014)",False,2025-08-03 10:30:00,113779.9,PARTIAL_50,0.05274502903395837,14.283600237022974
LONG,2025-08-03 10:05:00,113660.0,"TradeExit(trailing_stop=113570.38573776971, sl=113660.0, tp=113819.12400000001, sl_pct=0.001, tp_pct=0.0014)",True,2025-08-03 10:45:00,113819.12400000001,WIN,,
LONG,2025-08-03 12:40:00,113960.1,"TradeExit(trailing_stop=113769.34094955007, sl=113960.1, tp=114464.24000000002, sl_pct=0.003159877887085092, tp_pct=0.0044238290419191285)",False,2025-08-03 18:45:00,114338.0,PARTIAL_50,0.165803645310944,14.449403882333918
LONG,2025-08-03 12:40:00,113960.1,"TradeExit(trailing_stop=113769.34094955007, sl=113960.1, tp=114464.24000000002, sl_pct=0.003159877887085092, tp_pct=0.0044238290419191285)",True,2025-08-03 19:20:00,114464.24000000002,WIN,,
LONG,2025-08-03 20:40:00,114346.5,"TradeExit(trailing_stop=114157.4467112735, sl=114346.5, tp=114676.34000000001, sl_pct=0.002060404122557366, tp_pct=0.0028845657715803118)",False,2025-08-04 08:00:00,114677.9,PARTIAL_50,0.1449104257672925,14.594314308101211
LONG,2025-08-03 20:40:00,114346.5,"TradeExit(trailing_stop=114157.4467112735, sl=114346.5, tp=114676.34000000001, sl_pct=0.002060404122557366, tp_pct=0.0028845657715803118)",True,2025-08-04 08:00:00,114676.34000000001,WIN,,
LONG,2025-08-04 09:20:00,114681.5,"TradeExit(trailing_stop=114463.0809415267, sl=114360.0, tp=115131.6, sl_pct=0.002803416418515628, tp_pct=0.003924782985921879)",False,2025-08-04 09:55:00,114360.0,LOSS,,
LONG,2025-08-04 11:45:00,114384.1,"TradeExit(trailing_stop=114226.54549150077, sl=114166.0, tp=114689.44000000002, sl_pct=0.0019067335407631464, tp_pct=0.002669426957068405)",False,2025-08-04 13:25:00,114166.0,LOSS,,
LONG,2025-08-04 13:35:00,114440.0,"TradeExit(trailing_stop=114171.21912328202, sl=114440.0, tp=114958.0, sl_pct=0.003233135267389025, tp_pct=0.004526389374344635)",False,2025-08-04 13:55:00,114870.1,PARTIAL_50,0.18791506466270788,14.782229372763918
LONG,2025-08-04 13:35:00,114440.0,"TradeExit(trailing_stop=114171.21912328202, sl=114440.0, tp=114958.0, sl_pct=0.003233135267389025, tp_pct=0.004526389374344635)",True,2025-08-04 14:00:00,114958.0,WIN,,
LONG,2025-08-04 16:05:00,115009.8,"TradeExit(trailing_stop=114638.59555911439, sl=115009.8, tp=115723.52, sl_pct=0.004432665738050174, tp_pct=0.006205732033270243)",False,2025-08-04 17:10:00,115663.7,PARTIAL_50,0.2842801222156695,15.066509494979588
LONG,2025-08-04 16:05:00,115009.8,"TradeExit(trailing_stop=114638.59555911439, sl=115009.8, tp=115723.52, sl_pct=0.004432665738050174, tp_pct=0.006205732033270243)",True,2025-08-04 18:50:00,115009.8,LOSS,,
LONG,2025-08-04 20:30:00,114976.6,"TradeExit(trailing_stop=114698.13846510599, sl=114580.4, tp=115531.28000000001, sl_pct=0.0034459185608203026, tp_pct=0.004824285985148423)",False,2025-08-05 08:00:00,114580.4,LOSS,,
SHORT,2025-08-05 14:10:00,113823.0,"TradeExit(trailing_stop=114323.28673744346, sl=113823.0, tp=112833.2, sl_pct=0.0062113983992690405, tp_pct=0.008695957758976657)",False,2025-08-05 14:30:00,112967.9,PARTIAL_50,0.3756270701000702,15.442136565079657
SHORT,2025-08-05 14:10:00,113823.0,"TradeExit(trailing_stop=114323.28673744346, sl=113823.0, tp=112833.2, sl_pct=0.0062113983992690405, tp_pct=0.008695957758976657)",True,2025-08-05 14:40:00,112833.2,WIN,,
SHORT,2025-08-05 20:35:00,113590.7,"TradeExit(trailing_stop=113864.43304045618, sl=113948.0, tp=113090.48, sl_pct=0.0031455039893230952, tp_pct=0.004403705585052333)",False,2025-08-06 08:00:00,113948.0,LOSS,,
LONG,2025-08-06 09:10:00,114134.7,"TradeExit(trailing_stop=113903.42892560911, sl=114134.7, tp=114794.65999999997, sl_pct=0.004130207553005302, tp_pct=0.005782290574207422)",False,2025-08-06 14:55:00,115142.7,PARTIAL_50,0.4415834973938688,15.883720062473525
LONG,2025-08-06 09:10:00,114134.7,"TradeExit(trailing_stop=113903.42892560911, sl=114134.7, tp=114794.65999999997, sl_pct=0.004130207553005302, tp_pct=0.005782290574207422)",True,2025-08-06 14:55:00,114794.65999999997,WIN,,
LONG,2025-08-06 17:25:00,115319.4,"TradeExit(trailing_stop=115051.10939270831, sl=114867.0, tp=115952.76, sl_pct=0.003923017289371903, tp_pct=0.005492224205120664)",False,2025-08-06 21:35:00,114867.0,LOSS,,
LONG,2025-08-06 21:55:00,115010.5,"TradeExit(trailing_stop=114842.43995619492, sl=115010.5, tp=115399.28000000001, sl_pct=0.0024145621486733565, tp_pct=0.003380387008142699)",False,2025-08-07 10:00:00,115417.2,PARTIAL_50,0.17680994343994552,16.06053000591347
LONG,2025-08-06 21:55:00,115010.5,"TradeExit(trailing_stop=114842.43995619492, sl=115010.5, tp=115399.28000000001, sl_pct=0.0024145621486733565, tp_pct=0.003380387008142699)",True,2025-08-07 10:00:00,115399.28000000001,WIN,,
LONG,2025-08-07 12:50:00,116318.1,"TradeExit(trailing_stop=115968.6397100042, sl=116318.1, tp=116833.3, sl_pct=0.003163738059682887, tp_pct=0.004429233283556041)",False,2025-08-07 15:40:00,116697.3,PARTIAL_50,0.16300128698800834,16.22353129290148
LONG,2025-08-07 12:50:00,116318.1,"TradeExit(trailing_stop=115968.6397100042, sl=116318.1, tp=116833.3, sl_pct=0.003163738059682887, tp_pct=0.004429233283556041)",True,2025-08-07 16:45:00,116318.1,LOSS,,
LONG,2025-08-07 17:20:00,116479.9,"TradeExit(trailing_stop=116071.63979997442, sl=116479.9, tp=117774.48, sl_pct=0.007938708738589208, tp_pct=0.01111419223402489)",False,2025-08-07 19:55:00,117407.6,PARTIAL_50,0.3982232127603182,16.621754505661798
LONG,2025-08-07 17:20:00,116479.9,"TradeExit(trailing_stop=116071.63979997442, sl=116479.9, tp=117774.48, sl_pct=0.007938708738589208, tp_pct=0.01111419223402489)",True,2025-08-08 08:35:00,116479.9,LOSS,,
LONG,2025-08-08 09:50:00,116680.1,"TradeExit(trailing_stop=116534.59399690038, sl=116433.6, tp=117025.20000000001, sl_pct=0.002112613890457756, tp_pct=0.002957659446640858)",False,2025-08-08 10:40:00,116433.6,LOSS,,
LONG,2025-08-08 13:20:00,116700.0,"TradeExit(trailing_stop=116538.01737098205, sl=116700.0, tp=117053.64, sl_pct=0.00216452442159388, tp_pct=0.003030334190231432)",False,2025-08-08 14:00:00,117086.0,PARTIAL_50,0.16538131962296487,16.787135825284764
LONG,2025-08-08 13:20:00,116700.0,"TradeExit(trailing_stop=116538.01737098205, sl=116700.0, tp=117053.64, sl_pct=0.00216452442159388, tp_pct=0.003030334190231432)",True,2025-08-08 14:00:00,117053.64,WIN,,
LONG,2025-08-08 20:30:00,116520.1,"TradeExit(trailing_stop=116322.66340102612, sl=116520.1, tp=116898.24, sl_pct=0.0023180549965199637, tp_pct=0.003245276995127949)",False,2025-08-08 20:55:00,116850.1,PARTIAL_50,0.14160646961339718,16.92874229489816
LONG,2025-08-08 20:30:00,116520.1,"TradeExit(trailing_stop=116322.66340102612, sl=116520.1, tp=116898.24, sl_pct=0.0023180549965199637, tp_pct=0.003245276995127949)",True,2025-08-08 21:40:00,116898.24,WIN,,
LONG,2025-08-09 09:05:00,117221.8,"TradeExit(trailing_stop=116970.6101293149, sl=117221.8, tp=117909.76000000001, sl_pct=0.004192053014029888, tp_pct=0.0058688742196418425)",False,2025-08-09 10:10:00,117714.8,PARTIAL_50,0.21028511761464164,17.139027412512803
LONG,2025-08-09 09:05:00,117221.8,"TradeExit(trailing_stop=116970.6101293149, sl=117221.8, tp=117909.76000000001, sl_pct=0.004192053014029888, tp_pct=0.0058688742196418425)",True,2025-08-09 11:10:00,117221.8,LOSS,,
LONG,2025-08-09 15:00:00,116938.5,"TradeExit(trailing_stop=116795.40530915422, sl=116744.0, tp=117210.8, sl_pct=0.001663267443998341, tp_pct=0.0023285744215976773)",False,2025-08-09 16:20:00,116744.0,LOSS,,
SHORT,2025-08-09 19:20:00,116540.0,"TradeExit(trailing_stop=116657.48732847939, sl=116682.0, tp=116341.2, sl_pct=0.0012184657628282135, tp_pct=0.0017058520679594988)",False,2025-08-09 20:30:00,116682.0,LOSS,,
SHORT,2025-08-09 20:50:00,116697.5,"TradeExit(trailing_stop=116879.75863721731, sl=116697.5, tp=116274.0, sl_pct=0.002592172068810386, tp_pct=0.00362904089633454)",False,2025-08-09 21:25:00,116365.3,PARTIAL_50,0.1423338117783145,17.281361224291118
SHORT,2025-08-09 20:50:00,116697.5,"TradeExit(trailing_stop=116879.75863721731, sl=116697.5, tp=116274.0, sl_pct=0.002592172068810386, tp_pct=0.00362904089633454)",True,2025-08-10 08:00:00,116697.5,LOSS,,
LONG,2025-08-10 08:10:00,117982.7,"TradeExit(trailing_stop=117604.71564827394, sl=117982.7, tp=118879.68, sl_pct=0.005430457177196293, tp_pct=0.00760264004807481)",False,2025-08-10 12:30:00,118633.4,PARTIAL_50,0.2757607683160316,17.55712199260715
LONG,2025-08-10 08:10:00,117982.7,"TradeExit(trailing_stop=117604.71564827394, sl=117982.7, tp=118879.68, sl_pct=0.005430457177196293, tp_pct=0.00760264004807481)",True,2025-08-10 15:05:00,118879.68,WIN,,
LONG,2025-08-10 16:00:00,118849.4,"TradeExit(trailing_stop=118559.1870415451, sl=118520.0, tp=119310.55999999997, sl_pct=0.002771574782876432, tp_pct=0.003880204696027004)",False,2025-08-10 17:20:00,118520.0,LOSS,,
LONG,2025-08-10 18:50:00,118550.0,"TradeExit(trailing_stop=118427.2404587624, sl=118395.8, tp=118765.87999999999, sl_pct=0.0013007169970476347, tp_pct=0.0018210037958666884)",False,2025-08-10 20:15:00,118395.8,LOSS,,
LONG,2025-08-10 20:35:00,118465.3,"TradeExit(trailing_stop=118178.29138551498, sl=118465.3, tp=119102.72, sl_pct=0.0038433195205684945, tp_pct=0.005380647328795892)",False,2025-08-11 08:00:00,121318.3,PARTIAL_50,1.2041500760138202,18.761272068620972
LONG,2025-08-10 20:35:00,118465.3,"TradeExit(trailing_stop=118178.29138551498, sl=118465.3, tp=119102.72, sl_pct=0.0038433195205684945, tp_pct=0.005380647328795892)",True,2025-08-11 08:00:00,119102.72,WIN,,
LONG,2025-08-11 08:25:00,121715.0,"TradeExit(trailing_stop=121369.16424675433, sl=121166.8, tp=122482.48, sl_pct=0.004503964178613951, tp_pct=0.006305549850059531)",False,2025-08-11 10:05:00,121166.8,LOSS,,
SHORT,2025-08-11 16:35:00,120241.2,"TradeExit(trailing_stop=120663.68029252492, sl=120241.2, tp=119460.28, sl_pct=0.0046390089253933176, tp_pct=0.006494612495550644)",False,2025-08-11 17:30:00,119625.3,PARTIAL_50,0.2561102184608912,19.017382287081862
SHORT,2025-08-11 16:35:00,120241.2,"TradeExit(trailing_stop=120663.68029252492, sl=120241.2, tp=119460.28, sl_pct=0.0046390089253933176, tp_pct=0.006494612495550644)",True,2025-08-11 18:00:00,119460.28,WIN,,
SHORT,2025-08-11 19:25:00,119437.9,"TradeExit(trailing_stop=119725.46439443923, sl=119437.9, tp=118855.21999999997, sl_pct=0.0034846560430149194, tp_pct=0.004878518460220887)",False,2025-08-11 19:50:00,118725.8,PARTIAL_50,0.2981047054578117,19.315486992539675
SHORT,2025-08-11 19:25:00,119437.9,"TradeExit(trailing_stop=119725.46439443923, sl=119437.9, tp=118855.21999999997, sl_pct=0.0034846560430149194, tp_pct=0.004878518460220887)",True,2025-08-11 19:50:00,118855.21999999997,WIN,,
SHORT,2025-08-12 08:00:00,118871.9,"TradeExit(trailing_stop=119035.63152619835, sl=118871.9, tp=118532.25999999998, sl_pct=0.00204085237974665, tp_pct=0.00285719333164531)",False,2025-08-12 09:05:00,118591.3,PARTIAL_50,0.1180262114090846,19.43351320394876
SHORT,2025-08-12 08:00:00,118871.9,"TradeExit(trailing_stop=119035.63152619835, sl=118871.9, tp=118532.25999999998, sl_pct=0.00204085237974665, tp_pct=0.00285719333164531)",True,2025-08-12 09:40:00,118532.25999999998,WIN,,
SHORT,2025-08-12 11:10:00,118206.4,"TradeExit(trailing_stop=118474.25469475088, sl=118615.30000000002, tp=117633.93999999999, sl_pct=0.0034592035625821338, tp_pct=0.004842884987614987)",False,2025-08-12 12:35:00,118615.30000000002,LOSS,,
SHORT,2025-08-12 13:40:00,118688.5,"TradeExit(trailing_stop=119272.78013443937, sl=119682.00000000001, tp=117297.59999999999, sl_pct=0.008370650905521597, tp_pct=0.011718911267730236)",False,2025-08-12 15:25:00,119682.00000000001,LOSS,,
LONG,2025-08-12 18:10:00,119750.1,"TradeExit(trailing_stop=119358.71345768796, sl=119750.1, tp=120625.94, sl_pct=0.005224212756398582, tp_pct=0.007313897858958014)",False,2025-08-13 10:30:00,120393.7,PARTIAL_50,0.2687262891638467,19.702239493112607
LONG,2025-08-12 18:10:00,119750.1,"TradeExit(trailing_stop=119358.71345768796, sl=119750.1, tp=120625.94, sl_pct=0.005224212756398582, tp_pct=0.007313897858958014)",True,2025-08-13 11:20:00,120625.94,WIN,,
LONG,2025-08-13 13:15:00,120541.5,"TradeExit(trailing_stop=120261.7425638624, sl=120541.5, tp=121068.04, sl_pct=0.0031200872728479887, tp_pct=0.0043681221819871835)",False,2025-08-13 13:45:00,121045.9,PARTIAL_50,0.20922254991019448,19.9114620430228
LONG,2025-08-13 13:15:00,120541.5,"TradeExit(trailing_stop=120261.7425638624, sl=120541.5, tp=121068.04, sl_pct=0.0031200872728479887, tp_pct=0.0043681221819871835)",True,2025-08-13 13:50:00,121068.04,WIN,,
LONG,2025-08-13 15:40:00,121305.9,"TradeExit(trailing_stop=120589.01020882805, sl=121305.9, tp=122766.23999999999, sl_pct=0.008598922228844527, tp_pct=0.012038491120382336)",False,2025-08-13 19:20:00,122469.8,PARTIAL_50,0.4797375890208179,20.39119963204362
LONG,2025-08-13 15:40:00,121305.9,"TradeExit(trailing_stop=120589.01020882805, sl=121305.9, tp=122766.23999999999, sl_pct=0.008598922228844527, tp_pct=0.012038491120382336)",True,2025-08-13 20:05:00,122766.23999999999,WIN,,
SHORT,2025-08-14 08:35:00,121658.7,"TradeExit(trailing_stop=122007.9793888455, sl=121658.7, tp=121110.87999999999, sl_pct=0.003216374990033618, tp_pct=0.004502924986047065)",False,2025-08-14 10:40:00,121168.2,PARTIAL_50,0.20158854237304855,20.59278817441667
SHORT,2025-08-14 08:35:00,121658.7,"TradeExit(trailing_stop=122007.9793888455, sl=121658.7, tp=121110.87999999999, sl_pct=0.003216374990033618, tp_pct=0.004502924986047065)",True,2025-08-14 10:50:00,121110.87999999999,WIN,,
SHORT,2025-08-14 12:30:00,118612.7,"TradeExit(trailing_stop=119576.30717350905, sl=118612.7, tp=115053.9, sl_pct=0.021431094646694664, tp_pct=0.030003532505372528)",False,2025-08-18 08:00:00,115127.1,PARTIAL_50,1.46931989576158,22.062108070178247
SHORT,2025-08-14 12:30:00,118612.7,"TradeExit(trailing_stop=119576.30717350905, sl=118612.7, tp=115053.9, sl_pct=0.021431094646694664, tp_pct=0.030003532505372528)",True,2025-08-18 08:10:00,115053.9,WIN,,
SHORT,2025-08-18 11:50:00,114889.9,"TradeExit(trailing_stop=115087.11732892868, sl=115084.19999999998, tp=114617.87999999999, sl_pct=0.0016911843425749602, tp_pct=0.002367658079604944)",False,2025-08-18 12:10:00,115084.19999999998,LOSS,,
SHORT,2025-08-18 13:40:00,115307.1,"TradeExit(trailing_stop=115655.27103475157, sl=115307.1, tp=114773.84000000001, sl_pct=0.003303352525559954, tp_pct=0.0046246935357839355)",False,2025-08-18 13:55:00,114790.8,PARTIAL_50,0.223880402854639,22.285988473032887
SHORT,2025-08-18 13:40:00,115307.1,"TradeExit(trailing_stop=115655.27103475157, sl=115307.1, tp=114773.84000000001, sl_pct=0.003303352525559954, tp_pct=0.0046246935357839355)",True,2025-08-18 14:25:00,115307.1,LOSS,,
LONG,2025-08-18 20:55:00,116364.8,"TradeExit(trailing_stop=116075.3342434684, sl=115929.9, tp=116973.66000000002, sl_pct=0.0037373845011550635, tp_pct=0.0052323383016170885)",False,2025-08-19 08:00:00,115929.9,LOSS,,
SHORT,2025-08-19 12:30:00,115351.7,"TradeExit(trailing_stop=115528.45521163373, sl=115574.9, tp=115039.22, sl_pct=0.0019349519773006994, tp_pct=0.002708932768220979)",False,2025-08-19 13:20:00,115574.9,LOSS,,
SHORT,2025-08-19 13:30:00,115436.3,"TradeExit(trailing_stop=115774.13010639127, sl=115436.3, tp=114860.76000000002, sl_pct=0.003561271454473084, tp_pct=0.004985780036262317)",False,2025-08-19 13:45:00,114932.7,PARTIAL_50,0.218128959434773,22.50411743246766
SHORT,2025-08-19 13:30:00,115436.3,"TradeExit(trailing_stop=115774.13010639127, sl=115436.3, tp=114860.76000000002, sl_pct=0.003561271454473084, tp_pct=0.004985780036262317)",True,2025-08-19 14:10:00,114860.76000000002,WIN,,
SHORT,2025-08-19 20:05:00,112963.6,"TradeExit(trailing_stop=113354.35612161247, sl=113490.3, tp=112226.22000000002, sl_pct=0.0046625638701315916, tp_pct=0.006527589418184228)",False,2025-08-19 20:55:00,113490.3,LOSS,,
LONG,2025-08-20 08:15:00,113707.0,"TradeExit(trailing_stop=113501.62240421247, sl=113336.7, tp=114225.42, sl_pct=0.0032566156876885585, tp_pct=0.004559261962763982)",False,2025-08-20 11:30:00,113336.7,LOSS,,
SHORT,2025-08-20 13:00:00,113490.3,"TradeExit(trailing_stop=113820.39198248142, sl=113490.3, tp=113010.94, sl_pct=0.0030169979284572707, tp_pct=0.004223797099840178)",False,2025-08-20 13:40:00,113089.9,PARTIAL_50,0.1764027410272106,22.68052017349487
SHORT,2025-08-20 13:00:00,113490.3,"TradeExit(trailing_stop=113820.39198248142, sl=113490.3, tp=113010.94, sl_pct=0.0030169979284572707, tp_pct=0.004223797099840178)",True,2025-08-20 13:45:00,113010.94,WIN,,
SHORT,2025-08-20 15:50:00,113400.2,"TradeExit(trailing_stop=113975.85182038366, sl=114279.3, tp=112169.45999999998, sl_pct=0.007752190913243591, tp_pct=0.010853067278541026)",False,2025-08-20 20:55:00,114279.3,LOSS,,
LONG,2025-08-20 21:40:00,114292.4,"TradeExit(trailing_stop=114011.51827023065, sl=113942.8, tp=114781.84, sl_pct=0.003058821058967974, tp_pct=0.004282349482555163)",False,2025-08-21 08:00:00,113942.8,LOSS,,
SHORT,2025-08-21 08:15:00,113715.6,"TradeExit(trailing_stop=113939.4123093177, sl=113715.6, tp=113391.08000000002, sl_pct=0.0020384186514426196, tp_pct=0.0028537861120196675)",False,2025-08-21 09:00:00,113433.3,PARTIAL_50,0.1241254498063603,22.80464562330123
SHORT,2025-08-21 08:15:00,113715.6,"TradeExit(trailing_stop=113939.4123093177, sl=113715.6, tp=113391.08000000002, sl_pct=0.0020384186514426196, tp_pct=0.0028537861120196675)",True,2025-08-21 09:15:00,113391.08000000002,WIN,,
SHORT,2025-08-21 09:55:00,113332.5,"TradeExit(trailing_stop=113542.59623949799, sl=113332.5, tp=112987.68, sl_pct=0.0021732512739064515, tp_pct=0.003042551783469032)",False,2025-08-21 11:45:00,113030.1,PARTIAL_50,0.13341274568195097,22.93805836898318
SHORT,2025-08-21 09:55:00,113332.5,"TradeExit(trailing_stop=113542.59623949799, sl=113332.5, tp=112987.68, sl_pct=0.0021732512739064515, tp_pct=0.003042551783469032)",True,2025-08-21 11:50:00,112987.68,WIN,,
SHORT,2025-08-21 12:45:00,112955.4,"TradeExit(trailing_stop=113266.58551161949, sl=113370.0, tp=112374.95999999999, sl_pct=0.003670475249523315, tp_pct=0.005138665349332641)",False,2025-08-21 13:35:00,113370.0,LOSS,,
SHORT,2025-08-21 14:35:00,113206.2,"TradeExit(trailing_stop=113652.77183582318, sl=113206.2, tp=112184.48, sl_pct=0.006446643381722935, tp_pct=0.009025300734412108)",False,2025-08-21 16:45:00,112465.1,PARTIAL_50,0.3273230618110984,23.26538143079428
SHORT,2025-08-21 14:35:00,113206.2,"TradeExit(trailing_stop=113652.77183582318, sl=113206.2, tp=112184.48, sl_pct=0.006446643381722935, tp_pct=0.009025300734412108)",True,2025-08-21 19:20:00,112184.48,WIN,,
SHORT,2025-08-21 21:00:00,112071.7,"TradeExit(trailing_stop=112498.07052781766, sl=112833.3, tp=111005.45999999999, sl_pct=0.00679564957076591, tp_pct=0.009513909399072274)",False,2025-08-22 08:00:00,112833.3,LOSS,,
SHORT,2025-08-22 08:45:00,112926.3,"TradeExit(trailing_stop=113166.71854329195, sl=112926.3, tp=112439.66000000002, sl_pct=0.003078113778632535, tp_pct=0.004309359290085549)",False,2025-08-22 10:35:00,112549.2,PARTIAL_50,0.16696730522473763,23.43234873601902
SHORT,2025-08-22 08:45:00,112926.3,"TradeExit(trailing_stop=113166.71854329195, sl=112926.3, tp=112439.66000000002, sl_pct=0.003078113778632535, tp_pct=0.004309359290085549)",True,2025-08-22 11:05:00,112439.66000000002,WIN,,
SHORT,2025-08-22 12:05:00,112069.8,"TradeExit(trailing_stop=112314.42514772114, sl=112069.8, tp=111677.52, sl_pct=0.0025002275367672386, tp_pct=0.003500318551474134)",False,2025-08-22 12:30:00,111649.9,PARTIAL_50,0.18733860504792937,23.61968734106695
SHORT,2025-08-22 12:05:00,112069.8,"TradeExit(trailing_stop=112314.42514772114, sl=112069.8, tp=111677.52, sl_pct=0.0025002275367672386, tp_pct=0.003500318551474134)",True,2025-08-22 12:30:00,111677.52,WIN,,
SHORT,2025-08-22 13:10:00,112156.2,"TradeExit(trailing_stop=112582.74920522538, sl=112760.40000000001, tp=111310.32, sl_pct=0.00538712973513722, tp_pct=0.007541981629192108)",False,2025-08-22 14:00:00,112760.40000000001,LOSS,,
LONG,2025-08-22 17:10:00,116704.2,"TradeExit(trailing_stop=116231.65944295222, sl=116046.5, tp=117624.98000000001, sl_pct=0.00563561551340909, tp_pct=0.007889861718772725)",False,2025-08-23 08:00:00,116046.5,LOSS,,
SHORT,2025-08-23 08:25:00,115621.9,"TradeExit(trailing_stop=115786.70381152425, sl=115621.9, tp=115249.07999999999, sl_pct=0.0023031968857111233, tp_pct=0.0032244756399955727)",False,2025-08-23 11:50:00,115295.9,PARTIAL_50,0.14097675267401763,23.760664093740967
SHORT,2025-08-23 08:25:00,115621.9,"TradeExit(trailing_stop=115786.70381152425, sl=115621.9, tp=115249.07999999999, sl_pct=0.0023031968857111233, tp_pct=0.0032244756399955727)",True,2025-08-23 12:00:00,115249.07999999999,WIN,,
SHORT,2025-08-23 12:50:00,115185.6,"TradeExit(trailing_stop=115379.50755266304, sl=115185.6, tp=114815.44000000002, sl_pct=0.0022954258171159776, tp_pct=0.0032135961439623685)",False,2025-08-23 13:30:00,114778.3,PARTIAL_50,0.17680161409065148,23.93746570783162
SHORT,2025-08-23 12:50:00,115185.6,"TradeExit(trailing_stop=115379.50755266304, sl=115185.6, tp=114815.44000000002, sl_pct=0.0022954258171159776, tp_pct=0.0032135961439623685)",True,2025-08-23 13:30:00,114815.44000000002,WIN,,
SHORT,2025-08-23 14:35:00,114760.0,"TradeExit(trailing_stop=115000.5422776083, sl=115042.3, tp=114364.78, sl_pct=0.0024599163471593142, tp_pct=0.0034438828860230398)",False,2025-08-23 17:10:00,115042.3,LOSS,,
SHORT,2025-08-23 20:35:00,115100.7,"TradeExit(trailing_stop=115201.45716179094, sl=115250.8, tp=114890.55999999998, sl_pct=0.0013040754747799608, tp_pct=0.001825705664691945)",False,2025-08-23 20:55:00,115250.8,LOSS,,
SHORT,2025-08-23 21:05:00,115083.1,"TradeExit(trailing_stop=115218.64900701934, sl=115083.1, tp=114779.58000000002, sl_pct=0.0018838561005046644, tp_pct=0.00263739854070653)",False,2025-08-24 08:00:00,114784.4,PARTIAL_50,0.129775788104427,24.06724149593605
SHORT,2025-08-23 21:05:00,115083.1,"TradeExit(trailing_stop=115218.64900701934, sl=115083.1, tp=114779.58000000002, sl_pct=0.0018838561005046644, tp_pct=0.00263739854070653)",True,2025-08-24 08:30:00,114779.58000000002,WIN,,
SHORT,2025-08-24 10:05:00,114800.1,"TradeExit(trailing_stop=114974.75980451422, sl=114800.1, tp=114473.48000000001, sl_pct=0.002032228194923074, tp_pct=0.002845119472892303)",False,2025-08-24 13:55:00,114534.9,PARTIAL_50,0.11550512586662015,24.182746621802668
SHORT,2025-08-24 10:05:00,114800.1,"TradeExit(trailing_stop=114974.75980451422, sl=114800.1, tp=114473.48000000001, sl_pct=0.002032228194923074, tp_pct=0.002845119472892303)",True,2025-08-24 14:00:00,114473.48000000001,WIN,,
SHORT,2025-08-24 15:50:00,114406.2,"TradeExit(trailing_stop=114664.8476146327, sl=114406.2, tp=113791.87999999999, sl_pct=0.0038354564700165106, tp_pct=0.005369639058023115)",False,2025-08-24 19:30:00,113830.8,PARTIAL_50,0.2514723852378604,24.43421900704053
SHORT,2025-08-24 15:50:00,114406.2,"TradeExit(trailing_stop=114664.8476146327, sl=114406.2, tp=113791.87999999999, sl_pct=0.0038354564700165106, tp_pct=0.005369639058023115)",True,2025-08-24 19:35:00,113791.87999999999,WIN,,
